Category,Percentage,Interpretation,,,,,,
Good,39.47,"The largest portion of the population has adequate nutrition, but minor improvements can enhance overall health.",,,,,,
Poor,23.7,A significant proportion of individuals have notable nutritional deficiencies and may require immediate intervention.,,,,,,
Average,18.62,These individuals show moderate nutritional imbalances that could improve with targeted dietary adjustments.,,,,,,
Excellent,18.22,A smaller proportion of individuals demonstrate excellent overall nutrition.,,,,,,
